BERNECK,Synchro,frassino_almendra_site
BERNECK,Synchro,frassino_whiskey_site
BERNECK,ART,Calcare-512x850
BERNECK,ART,argento_rust-2
BERNECK,ART,ruggine_site-1
BERNECK,ART,linen_grigio_site
BERNECK,ART,chiaro_site
BERNECK,ART,damasco_site
BERNECK,Poro,nogal_sevilha_site-1
BERNECK,Poro,maple_site
BERNECK,Poro,Italian-noce-1024x1700-512x850
BERNECK,Poro,wengue_valencia_site-1
BERNECK,Poro,carvalho_atenas_site-1
BERNECK,Poro,Wengue-Ravena-1024-x-1700-512x850
BERNECK,Poro,carvalho_nice_site-2
BERNECK,Tatto,Baumkuchen-1024x1700-512x850
BERNECK,Tatto,Barrique-1024-x-1700-512x850
BERNECK,Tatto,castaine_site3
BERNECK,Tatto,gengibre_site
BERNECK,Tatto,peroba_site-1
BERNECK,Rust,argento_rust-2
BERNECK,Rust,nero_site3
BERNECK,TX,cinza_cobalto_site
BERNECK,TX,metallic_suede_site_02
BERNECK,TX,azul_vel_trat_compensado-512x850
BERNECK,TX,cinza_cristal_site
BERNECK,TX,Marquina-512x850
BERNECK,TX,branco_tx_site-2
BERNECK,TX,ruggine_site-1
BERNECK,TX,bege_site-1
BERNECK,TX,Cinza-Argila-1024-x1700-512x850
BERNECK,TX,damasco_site
BERNECK,TX,Preto-tx-1024-x1700-512x850
BERNECK,TX,blackdots_site-1
BERNECK,Design,nogal_turin_site-1
BERNECK,Design,Carvalho-Treviso_trat_compensado-512x850
BERNECK,Design,preto_design_site-1
BERNECK,Design,nogal_malaga_site-1
BERNECK,Trend Colors,Chumbo-512x850
BERNECK,Trend Colors,Ceramik-512x850
BERNECK,Trend Colors,metallic_suede_site_02
BERNECK,Trend Colors,nero_site3
BERNECK,Trend Colors,Nude-1024-x1700-512x850
BERNECK,Trend Colors,Sky-1024-x1700-512x850
BERNECK,Unicolors,cinza_cristal_site
BERNECK,Unicolors,super_white_site-2
BERNECK,Unicolors,Preto-tx-1024-x1700-512x850 (1)
BERNECK,Unicolors,Azul-vel-1024-x-1700-512x850
BERNECK,Unicolors,bege_site-1
BERNECK,Unicolors,Cinza-Argila-1024-x1700-512x850
BERNECK,Matt,Chumbo-512x850
BERNECK,Matt,Ceramik-512x850
BERNECK,Matt,super_white_site-1
BERNECK,Matt,Millennial-512x850
BERNECK,Grann,Cinamomo-512x850
BERNECK,Grann,compensato_alta-512x850
BERNECK,Grann,Louro-freijó-1024-x-1700-1-512x850
BERNECK,Grann,cacau-colecao-nomade-berneck-mdp-mdf
BERNECK,Grann,Louro-preto-1024-x1700-512x850
BERNECK,Grann,solanum-colecao-nomade-berneck-mdp-mdf
BERNECK,Grann,Galiano-512x850
BERNECK,Grann,griseo-colecao-nomade-berneck-mdp-mdf
BERNECK,Grann,faia_site
BERNECK,Vel,Calcare-512x850
BERNECK,Vel,Panama-512x850
BERNECK,Vel,azul_vel_trat_compensado-512x850
BERNECK,Vel,linen_grigio_site
BERNECK,Vel,Branco-vel-4-512x850
BERNECK,Vel,Nude-1024-x1700-512x850
BERNECK,Vel,Sky-1024-x1700-512x850
BERNECK,Vel,chiaro_site
BERNECK,Vel,denim-colecao-nomade-berneck-mdp-mdf
BERNECK,Play,blackdots_site-1
SUDATI,TX,branco
SUDATI,TX,mineral1591382290
SUDATI,TX,preto-tx
SUDATI,TX,bege
SUDATI,TX,glamour1591382254
SUDATI,TX,cinza-cristal
SUDATI,TX,vulcano
SUDATI,Naturally,cabernet1591382389
SUDATI,Naturally,corazzi1591382417
SUDATI,Naturally,carmenere1591382447
SUDATI,Naturally,molinara1591382502
SUDATI,Naturally,bellini1591382327
SUDATI,Naturally,versati1591382515
SUDATI,Naturally,imbuia1591382602
SUDATI,Naturally,leon1591382482
SUDATI,Naturally,tempranillo1591382551
SUDATI,Naturally,moscato1591382359
SUDATI,Naturally,nebbiolo1591382540
SUDATI,Naturally,bianco-ravena1591382303
SUDATI,Naturally,trebbiano-blanc1591382316
SUDATI,Naturally,nerello1591382563
SUDATI,Naturally,monastrell1591382463
SUDATI,Naturally,louro-freijo1591382431
SUDATI,Naturally,carvalho-lino1591382591
SUDATI,Naturally,rustic-bari1591382375
SUDATI,Naturally,chenin-blanc1591382344
SUDATI,Naturally,carvalho-castelli1591382404
SUDATI,Naturally,merlot1591382528
SUDATI,Naturally,carvalho-natural1591382575
SUDATI,Soul,pisano1591382178
SUDATI,Soul,asti1591382201
SUDATI,Soul,alighieri1591382191
SUDATI,Soul,bracciolini1591382136
SUDATI,Soul,alessi1591382213
SUDATI,Soul,sofisticato1591382243
SUDATI,Soul,arinto1591382149
SUDATI,Soul,rosselli1591382120
SUDATI,Soul,botticelli1591382164
SUDATI,Soul,lina1591382229
SUDATI,Unicolores,santiago1591382626
SUDATI,Unicolores,floripa1591382661
SUDATI,Unicolores,argel1591382673
SUDATI,Unicolores,manhattan1591382648
SUDATI,Unicolores,cambiasi1591382615
SUDATI,Unicolores,havana1591382636
SUDATI,Unicolores,amazonia1591382685
EUCATEX - MDP,PADRÃO LACCA CETIN,1822-mdp-eucaprint-lacca-cetin-bianco-artico-download
EUCATEX - MDP,PADRÃO LACCA CETIN,1837-mdp-eucaprint-lacca-cetin-grafite-intenso-download
EUCATEX - MDP,PADRÃO LACCA CETIN,1840-mdp-eucaprint-lacca-cetin-rosa-download
EUCATEX - MDP,PADRÃO TX,2143-mdp-eucaprint-bp-texturizado-bianco-artico-download
EUCATEX - MDP,PADRÃO TX,2140-mdp-eucaprint-bp-texturizado-bege-light-download
EUCATEX - MDP,PADRÃO TX,2152-mdp-eucaprint-bp-texturizado-cinza-cristal-light-download
EUCATEX - MDP,PADRÃO TX,2398-mdp-eucaprint-bp-texturizado-concreto-download
EUCATEX - MDP,PADRÃO TX,2155-mdp-eucaprint-bp-texturizado-nero-marquina-download
EUCATEX - MDP,PADRÃO TX,2134-mdp-eucaprint-bp-texturizado-argila-download
EUCATEX - MDP,PADRÃO TX,2128-mdp-eucaprint-bp-texturizado-trentino-download
EUCATEX - MDP,PADRÃO TX,2146-mdp-eucaprint-bp-texturizado-branco-light-download
EUCATEX - MDP,PADRÃO TX,2137-mdp-eucaprint-bp-texturizado-azul-royal-download
EUCATEX - MDP,PADRÃO TX,2113-mdp-eucaprint-bp-texturizado-preto-download
EUCATEX - MDP,PADRÃO TX,2149-mdp-eucaprint-bp-texturizado-cinza-cobalto-download
EUCATEX - MDP,PADRÃO PERFFECT WOOD,2284-mdp-eucaprint-perffect-wood-madeira-oak-download
EUCATEX - MDP,PADRÃO PERFFECT WOOD,1939-mdp-eucaprint-perffect-wood-nogueira-casablanca-download
EUCATEX - MDP,PADRÃO PERFFECT WOOD,1942-mdp-eucaprint-perffect-wood-nogueira-san-remo-download
EUCATEX - MDP,PADRÃO PERFFECT WOOD,1903-mdp-eucaprint-perffect-wood-bianco-artico-download
EUCATEX - MDP,PADRÃO PERFFECT WOOD,1915-mdp-eucaprint-perffect-wood-castanho-affara-download
EUCATEX - MDP,PADRÃO PERFFECT WOOD,2287-mdp-eucaprint-perffect-wood-carvalho-nevada-download
EUCATEX - MDP,PADRÃO PERFFECT WOOD,1984-mdp-eucaprint-perffect-wood-montana-download
EUCATEX - MDP,PADRÃO PERFFECT WOOD,1954-mdp-eucaprint-perffect-wood-carvalho-montreal-download
EUCATEX - MDP,PADRÃO PERFFECT WOOD,2290-mdp-eucaprint-perffect-wood-legno-crema-download
EUCATEX - MDP,PADRÃO PERFFECT WOOD,2281-mdp-eucaprint-perffect-wood-aveiro-oak-download
EUCATEX - MDP,PADRÃO PERFFECT WOOD,1959-mdp-eucaprint-perffect-wood-castanho-velazquez-download
EUCATEX - MDP,PADRÃO PERFFECT WOOD,1912-mdp-eucaprint-perffect-wood-carvalho-sintra-download
EUCATEX - MDP,PADRÃO PERFFECT WOOD,1909-mdp-eucaprint-perffect-wood-carvalho-cordilheira-download
EUCATEX - MDP,PADRÃO PERFFECT WOOD,1975-mdp-eucaprint-perffect-wood-carvalho-smoked-download
EUCATEX - MDP,PADRÃO PERFFECT WOOD,2293-mdp-eucaprint-perffect-wood-freixo-download
EUCATEX - MDP,PADRÃO PERFFECT WOOD,1918-mdp-eucaprint-perffect-wood-castanho-argel-download
EUCATEX - MDP,PADRÃO PERFFECT WOOD,1971-mdp-eucaprint-perffect-wood-legno-blanche-download
EUCATEX - MDP,PADRÃO PERFFECT WOOD,1906-mdp-eucaprint-perffect-wood-carvalho-cartagena-download
EUCATEX - MDP,PADRÃO PERFFECT WOOD,1933-mdp-eucaprint-perffect-wood-castanho-tannat-download
EUCATEX - MDP,PADRÃO PERFFECT WOOD,1980-mdp-eucaprint-perffect-wood-fresno-decape-download
EUCATEX - MDP,PADRÃO PERFFECT WOOD,2296-mdp-eucaprint-perffect-wood-elmo-natural-download
EUCATEX - MDP,PADRÃO PERFFECT WOOD,1945-mdp-eucaprint-perffect-wood-tabaco-brasil-download
EUCATEX - MDP,PADRÃO LACCA AD,2359-mdp-eucaprint-lacca-ad-azul-neon-download
EUCATEX - MDP,PADRÃO LACCA AD,2350-mdp-eucaprint-lacca-ad-preto-onix-download
EUCATEX - MDP,PADRÃO LACCA AD,2365-mdp-eucaprint-lacca-ad-bianco-artico-branco-neve-download
EUCATEX - MDP,PADRÃO LACCA AD,2356-mdp-eucaprint-lacca-ad-carvalho-smoked-download
EUCATEX - MDP,PADRÃO LACCA AD,2368-mdp-eucaprint-lacca-ad-amlarelo-gema-download
EUCATEX - MDP,PADRÃO LACCA AD,2353-mdp-eucaprint-lacca-ad-pink-download
EUCATEX - MDP,PADRÃO LACCA AD,2362-mdp-eucaprint-lacca-ad-bianco-artico-preto-onix-download
EUCATEX - MDP,PADRÃO PERFFECT ONE,2026-mdp-eucaprint-perffect-one-tecido-nude-download
EUCATEX - MDP,PADRÃO PERFFECT ONE,2011-mdp-eucaprint-perffect-one-bianco-artico-download
EUCATEX - MDP,PADRÃO PERFFECT ONE,2305-mdp-eucaprint-perffect-one-concreto-gris-download
EUCATEX - MDP,PADRÃO PERFFECT ONE,2014-mdp-eucaprint-perffect-one-branco-real-download
EUCATEX - MDP,PADRÃO PERFFECT ONE,2020-mdp-eucaprint-perffect-one-fresno-sbiancato-download
EUCATEX - MDP,PADRÃO PERFFECT ONE,2023-mdp-eucaprint-perffect-one-montana-download
EUCATEX - MDP,PADRÃO NATURAL WOOD,2223-mdp-eucaprint-bp-natural-wood-nogueira-casablanca-download
EUCATEX - MDP,PADRÃO NATURAL WOOD,2214-mdp-eucaprint-bp-natural-wood-legno-blanche-download
EUCATEX - MDP,PADRÃO NATURAL WOOD,2211-mdp-eucaprint-bp-natural-wood-kalahari-download
EUCATEX - MDP,PADRÃO NATURAL WOOD,2208-mdp-eucaprint-bp-natural-wood-italian-noce-download
EUCATEX - MDP,PADRÃO NATURAL WOOD,2199-mdp-eucaprint-bp-natural-wood-elmo-natural-download
EUCATEX - MDP,PADRÃO NATURAL WOOD,2308-mdp-eucaprint-bp-natural-wood-nogueira-casablanca-download
EUCATEX - MDP,PADRÃO NATURAL WOOD,2202-mdp-eucaprint-bp-natural-wood-frassino-crema-download
EUCATEX - MDP,PADRÃO NATURAL WOOD,2196-mdp-eucaprint-bp-natural-wood-elmo-macciato-download
EUCATEX - MDP,PADRÃO NATURAL WOOD,2193-mdp-eucaprint-bp-natural-wood-castanho-tannat-download
EUCATEX - MDP,PADRÃO NATURAL WOOD,2217-mdp-eucaprint-bp-natural-wood-legno-crema-download
EUCATEX - MDP,PADRÃO NATURAL WOOD,2220-mdp-eucaprint-bp-natural-wood-linho-download
EUCATEX - MDP,PADRÃO NATURAL WOOD,2205-mdp-eucaprint-bp-natural-wood-fresno-sbiancato-download
EUCATEX - MDP,PADRÃO ARENATO,2047-mdp-eucaprint-bp-arenato-carvalho-corten-download
EUCATEX - MDP,PADRÃO ARENATO,2056-mdp-eucaprint-bp-arenato-castanho-velazquez-download
EUCATEX - MDP,PADRÃO ARENATO,2068-mdp-eucaprint-bp-arenato-rustico-download
EUCATEX - MDP,PADRÃO ARENATO,2065-mdp-eucaprint-bp-arenato-nogueira-terra-download
EUCATEX - MDP,PADRÃO ARENATO,2038-mdp-eucaprint-bp-arenato-antique-wood-download
EUCATEX - MDP,PADRÃO ARENATO,2071-mdp-eucaprint-bp-arenato-wengue-dourado-download
EUCATEX - MDP,PADRÃO RAÍZES,2395-mdp-eucaprint-bp-raizes-nordico-download
EUCATEX - MDP,PADRÃO RAÍZES,2380-mdp-eucaprint-bp-raizes-eucalipto-download
EUCATEX - MDP,PADRÃO RAÍZES,2392-mdp-eucaprint-bp-raizes-noce-oro-download
EUCATEX - MDP,PADRÃO RAÍZES,2386-mdp-eucaprint-bp-raizes-imbuia-terra-download
EUCATEX - MDP,PADRÃO RAÍZES,2371-mdp-eucaprint-bp-raizes-arenas-download
EUCATEX - MDP,PADRÃO RAÍZES,2374-mdp-eucaprint-bp-raizes-carbono-download
EUCATEX - MDP,PADRÃO RAÍZES,2389-mdp-eucaprint-bp-raizes-lamina-dourada-download
EUCATEX - MDP,PADRÃO RAÍZES,2383-mdp-eucaprint-bp-raizes-freijo-ambar-download
EUCATEX - MDP,PADRÃO RAÍZES,2375-mdp-eucaprint-bp-raizes-cinnamon-download
EUCATEX - MDP,PADRÃO MADEIRA,2077-mdp-eucaprint-bp-madeira-chocolate-fineline-download
EUCATEX - MDP,PADRÃO PERFFECT TOUCH,2302-mdp-eucaprint-perffect-touch-verde-bellagio-download
EUCATEX - MDP,PADRÃO PERFFECT TOUCH,1894-mdp-eucaprint-perffect-touch-fume-download
EUCATEX - MDP,PADRÃO PERFFECT TOUCH,1891-mdp-eucaprint-perffect-touch-branco-download
EUCATEX - MDP,PADRÃO PERFFECT TOUCH,1900-mdp-eucaprint-perffect-touch-nogueira-san-remo-download
EUCATEX - MDP,PADRÃO PERFFECT TOUCH,1897-mdp-eucaprint-perffect-touch-grafite-intenso-download
EUCATEX - MDP,PADRÃO PERFFECT TOUCH,2299-mdp-eucaprint-perffect-touch-oxid-download
EUCATEX - MDP,PADRÃO CRU,2073-mdp-eucasuper-cru-download
GREENPLAC,Natural,BALI
GREENPLAC,Natural,NORONHA
GREENPLAC,Natural,FREIJO_AMAZONAS
GREENPLAC,Natural,VILLANDRY
GREENPLAC,Natural,JADE
GREENPLAC,Natural,MÁLAGA
GREENPLAC,Natural,CILENTO
GREENPLAC,Natural,VERSALHES
GREENPLAC,Moderna,BUILD
GREENPLAC,Moderna,STYLE
GREENPLAC,Moderna,PIETRA-BRONZE
GREENPLAC,Moderna,DUO
GREENPLAC,Moderna,INOVA
GREENPLAC,Moderna,UNIQUE
GREENPLAC,Moderna,URBAN
GREENPLAC,Toccare,02
GREENPLAC,Toccare,08
GREENPLAC,Toccare,01
GREENPLAC,Toccare,05
GREENPLAC,Toccare,03
GREENPLAC,Toccare,06
GREENPLAC,Toccare,10
GREENPLAC,Toccare,09
GREENPLAC,Toccare,07
GREENPLAC,Toccare,04
GREENPLAC,Essenziale,RAVEN
GREENPLAC,Essenziale,SIENA
GREENPLAC,Essenziale,PRUSSIAN
GREENPLAC,Essenziale,GARANZA
GREENPLAC,Essenziale,ARATON
GREENPLAC,Essenziale,PALE
GREENPLAC,Essenziale,CAPUT
EUCATEX - MDF,Padrão Lacca Metallic,3748-mdf-eucafibra-lacca-metallic-galaxia-download
EUCATEX - MDF,Padrão Lacca Metallic,2450-mdf-eucafibra-lacca-metallic-oxid-download
EUCATEX - MDF,Padrão Lacca Metallic,3736-mdf-eucafibra-lacca-metallic-bianco-perlato-download
EUCATEX - MDF,Padrão Lacca Metallic,2444-mdf-eucafibra-lacca-metallic-argento-download
EUCATEX - MDF,Padrão Lacca Metallic,2447-mdf-eucafibra-lacca-metallic-cobre-download
EUCATEX - MDF,Padrão Lacca Metallic,3739-mdf-eucafibra-lacca-metallic-escovado-download
EUCATEX - MDF,Padrão Lacca Cetin,1687-mdf-eucafibra-lacca-cetin-grafite-intenso-download
EUCATEX - MDF,Padrão Lacca Cetin,1669-mdf-eucafibra-lacca-cetin-fume-download
EUCATEX - MDF,Padrão TX Premium,1804-mdf-eucafibra-tx-premium-bianco-artico-download
EUCATEX - MDF,Padrão TX Premium,1807-mdf-eucafibra-tx-premium-preto-download
EUCATEX - MDF,Padrão Grafis,3700-eucafibra-bp-grafis-fume-classico-download
EUCATEX - MDF,Padrão Grafis,3703-eucafibra-bp-grafis-verde-amalfi-download
EUCATEX - MDF,Padrão Grafis,3686-eucafibra-bp-grafis-trama-beige-download
EUCATEX - MDF,Padrão Grafis,3697-eucafibra-bp-grafis-cinnamon-download
EUCATEX - MDF,Padrão Grafis,3694-eucafibra-bp-grafis-arenas-download
EUCATEX - MDF,Padrão Grafis,3691-eucafibra-bp-grafis-trama-gris-download
EUCATEX - MDF,Padrão Lacca AD,1780-mdf-eucafibra-lacca-ad-fume-download
EUCATEX - MDF,Padrão Lacca AD,2344-mdf-eucafibra-lacca-ad-verde-bellagio-download
EUCATEX - MDF,Padrão Lacca AD,2341-mdf-eucafibra-lacca-ad-terracota-download
EUCATEX - MDF,Padrão Lacca AD,2347-mdf-eucafibra-lacca-ad-grafite-intenso-download
EUCATEX - MDF,Padrão Lacca AD,2338-mdf-eucafibra-lacca-ad-azul-mediterraneo-download
EUCATEX - MDF,Padrão Lacca AD,2335-mdf-eucafibra-lacca-ad-desert-rose-download
EUCATEX - MDF,Padrão Lacca AD,1762-mdf-eucafibra-lacca-ad-cinza-italia-download
EUCATEX - MDF,Padrão Lacca AD,1749-mdf-eucafibra-lacca-ad-branco-neve-download
EUCATEX - MDF,Padrão Lacca AD,1792-mdf-eucafibra-lacca-ad-preto-onix-download
EUCATEX - MDF,Padrão Lacca AD,1786-mdf-eucafibra-lacca-ad-italian-noce-download
EUCATEX - MDF,Padrão Lacca AD,1801-mdf-eucafibra-lacca-ad-vermelho-scarlate-download
EUCATEX - MDF,Padrão Lacca AD,1744-mdf-eucafibra-lacca-ad-amarelo-gema-download
EUCATEX - MDF,Padrão Raízes,1558-mdf-eucafibra-bp-raizes-noce-oro-download
EUCATEX - MDF,Padrão Raízes,1555-mdf-eucafibra-bp-raizes-lamina-dourada-download
EUCATEX - MDF,Padrão Raízes,1552-mdf-eucafibra-bp-raizes-imbuia-terra-download
EUCATEX - MDF,Padrão Raízes,3733-mdf-eucafibra-bp-raizes-lamina-naturalle-download
EUCATEX - MDF,Padrão Raízes,3730-mdf-eucafibra-bp-raizes-freijo-escuro-download
EUCATEX - MDF,Padrão Raízes,1561-mdf-eucafibra-bp-raizes-nordico-download
EUCATEX - MDF,Padrão Raízes,1540-mdf-eucafibra-bp-raizes-carbono-download
EUCATEX - MDF,Padrão Raízes,1549-mdf-eucafibra-bp-raizes-freijo-ambar-download
EUCATEX - MDF,Padrão Raízes,3726-mdf-eucafibra-bp-raizes-carvalho-canela-retrofit-download
EUCATEX - MDF,Padrão CRU,2970-mdf-eucafibra-cru-cru-download
EUCATEX - MDF,Padrão Matt Plus,3722-mdf-eucafibra-bp-matt-plus-italian-noce-retrofit-download
EUCATEX - MDF,Padrão Matt Plus,1579-mdf-eucafibra-bp-matt-plus-elmo-macciato-download
EUCATEX - MDF,Padrão Matt Plus,3711-mdf-eucafibra-bp-matt-plus-rosa-download
EUCATEX - MDF,Padrão Matt Plus,1573-mdf-eucafibra-bp-matt-plus-legno-crema-download
EUCATEX - MDF,Padrão Matt Plus,3790-mdf-eucafibra-bp-matt-plus-botticino-download
EUCATEX - MDF,Padrão Matt Plus,1567-mdf-eucafibra-bp-matt-plus-branco-max-download
EUCATEX - MDF,Padrão Matt Plus,3719-mdf-eucafibra-bp-matt-plus-castanho-bronze-download
EUCATEX - MDF,Padrão Matt Plus,3714-mdf-eucafibra-bp-matt-plus-grani-download
DURATEX - MDP,Essencial,rosa-glamour-padrao-essencial-976x468-1
DURATEX - MDP,Essencial,azul-secreto-padrao-essencial-976x468-1
DURATEX - MDP,Essencial,cinza-sagrado-padrao-essencial-976x468-1
DURATEX - MDP,Essencial,padrao-essencial-mint-976x468
DURATEX - MDP,Essencial,verde-real-essencial-976x468-1
DURATEX - MDP,Essencial,padrao-essencial-artesanal-976x468
DURATEX - MDP,Essencial,perola-urbana-padrao-essencial-976x468-1
DURATEX - MDP,Essencial,padrao-essencial-steel-976x468
DURATEX - MDP,Essencial,gepeto-padrao-essencial-976x468-1
DURATEX - MDP,Essencial,essencial-padrao-noce-california-976x468
DURATEX - MDP,Essencial,padrao-essencial-prata-976x468
DURATEX - MDP,Original,original-padrao-ovo-976x468
DURATEX - MDP,Original,original-padrao-preto-976x468
DURATEX - MDP,Original,original-padrao-cristal-976x468
DURATEX - MDP,Original,original-padrao-branco-artico-976x468
DURATEX - MDP,Quadratta,Fibra-Nativa-Padrão-Linha-Quadratta
DURATEX - MDP,Quadratta,Renda-Linha-Quadratta-alta
ARAUCO,Lançamentos,Cosmo_inteira_150DPI-667x1024
ARAUCO,Lançamentos,Atenna_inteira_150DPI-667x1024
ARAUCO,Lançamentos,Cumaru_inteira_150DPI-667x1024
ARAUCO,Lançamentos,Gaya_inteira_150DPI-667x1024
ARAUCO,Lançamentos,Lord_inteira_150DPI-667x1024
ARAUCO,Nuances,BEIGE-667x1024
ARAUCO,Nuances,CACAO-667x1024
ARAUCO,Nuances,BETON-667x1024
ARAUCO,Style,Montagem_Masisa_Virginia_72x105-683x1024
ARAUCO,Style,ristretto-producto-1-771x1024
ARAUCO,Style,vanilla-producto-1-507x1024
ARAUCO,Style,MDF-Arauco-Zurich-683x1024
ARAUCO,Style,walnut-producto-1-615x1024
ARAUCO,Style,leggero-producto-1-771x1024
ARAUCO,Style,Montagem_Masisa_Malbec_Vanilla_72x105-683x1024
ARAUCO,Style,cinza-cristal-producto-1-504x1024
ARAUCO,Style,Montagem_Masisa_Rovere_Bianco_72x105-683x1024
ARAUCO,Style,Montagem_Masisa_Toronto_72x105-1-683x1024
ARAUCO,Style,Montagem_Masisa_Nebraska_72x105-683x1024
ARAUCO,Style,argila-producto-1-507x1024
ARAUCO,Style,Montagem_Masisa_Venezuela_72x105-683x1024
ARAUCO,Style,Montagem_Masisa_Vintage_72x105-683x1024
ARAUCO,Fancy,rustic-producto-1-689x1024
ARAUCO,Fancy,nogal-terracota-producto-1-830x1024
ARAUCO,Fancy,Pau-ferro-683x1024
ARAUCO,Fancy,ZENRYS-473x1024
ARAUCO,Fancy,Cosmo_inteira_150DPI-667x1024
ARAUCO,Fancy,Marmara_Gri_10x15-685x1024
ARAUCO,Fancy,Cinzell-683x1024
ARAUCO,Fancy,Montagem_Masisa_Nogueira_72x105-1-683x1024
ARAUCO,Fancy,Cinzell-Chapa
ARAUCO,Fancy,MDF-Nova-Imbuia
ARAUCO,Fancy,Marmara_Erik_10x15-685x1024
ARAUCO,Fancy,taj-producto-1-689x1024
ARAUCO,Fancy,Montagem_Masisa_Louro_Freijo_72x105-683x1024
ARAUCO,Fancy,Atenna_inteira_150DPI-667x1024
ARAUCO,Fancy,nodo-producto-1-768x1024
ARAUCO,Fancy,Montagem_Masisa_Concreto_Metropolitan_72x105-683x1024
ARAUCO,Fancy,truffel-producto-1-829x1024
ARAUCO,Fancy,autentic-producto-1-771x1024
ARAUCO,Fancy,Marmara_Kahve_10x15-685x1024
ARAUCO,Fancy,Montagem_Masisa_Western_72x105-683x1024
ARAUCO,Fancy,Montagem_Masisa_Coll_72x105-683x1024
ARAUCO,Fancy,NIMBUS-870x1024
ARAUCO,Fancy,mezzo-bianco-producto-1-770x1024
ARAUCO,Fancy,Carvalho-Mel_Chapa_Masisa_45cm-x-6825cm
ARAUCO,Fancy,Montagem_Masisa_Ipe_Amarelo_72x105-683x1024
ARAUCO,Fancy,mezzo-castani-producto-1-989x1024
ARAUCO,Fancy,Montagem_Masisa_Aco-Corten_72x105-683x1024
ARAUCO,Connection,Sal-Rosa-683x1024
ARAUCO,Connection,lino-piombo-producto-1-757x1024
ARAUCO,Connection,masisa_azulao_72x108-683x1024
ARAUCO,Connection,canela-producto2-1-605x1024
ARAUCO,Connection,Montagem_Masisa_BrancoPlatinum_72x105-683x1024
ARAUCO,Connection,Montagem_Masisa_Chamois_72x105-683x1024
ARAUCO,Connection,Montagem_Masisa_Linho_72x105-683x1024
ARAUCO,Connection,cobre-corten-producto-1-689x1024
ARAUCO,Connection,MDF-Cafelatte-3-694x1024
ARAUCO,Connection,masisa_brita_72x108-683x1024
ARAUCO,Connection,grafen-producto-1-473x1024
ARAUCO,Connection,grafito-producto-2-653x1024
ARAUCO,Connection,golden-producto-1-478x1024
ARAUCO,Connection,Masisa_Crema-840x1024
ARAUCO,Connection,connect-producto-1-762x1024
ARAUCO,Connection,kashmir-producto-1-759x1024
ARAUCO,Connection,Gaya_inteira_150DPI-667x1024
ARAUCO,Connection,Montagem_Masisa_Hunter_72x105-683x1024
ARAUCO,Connection,Montagem_Masisa_Blanche_72x105-683x1024
ARAUCO,Connection,Lord_inteira_150DPI-667x1024
ARAUCO,Connection,lino-producto-1-757x1024
ARAUCO,Connection,branco-supremo-producto-1-656x1024
ARAUCO,Connection,LOTUS-1-689x1024
ARAUCO,Connection,nude-producto-1-548x1024
ARAUCO,Connection,Masisa_Bruma-792x1024
ARAUCO,Connection,Masisa_Névoa
ARAUCO,Connection,Espresso
ARAUCO,Connection,Frapê-1
ARAUCO,Connection,Montagem_Masisa_Fabric_72x105-683x1024
ARAUCO,Connection,ebano-producto-1-560x1024
ARAUCO,Connection,Licor-1024x1024
ARAUCO,Connection,Montagem_Masisa_Rubi_72x105-683x1024
ARAUCO,Connection,Montagem_Masisa_Onix_72x105-683x1024
ARAUCO,Connection,lassen-producto-1-605x1024
ARAUCO,Connection,Mocca
ARAUCO,Connection,Montagem_Masisa_Azul_72x105-683x1024
ARAUCO,Connection,gris-producto-1-770x1024
ARAUCO,Balmy,rovere-canova-producto-1-467x1024
ARAUCO,Balmy,MDF-Ciliegio
ARAUCO,Balmy,Montagem_Masisa_Grigio_72x105-683x1024
ARAUCO,Balmy,carvalho-dakar-producto-1-1024x1024
ARAUCO,Balmy,Montagem_Masisa_Castanho_72x105-683x1024
ARAUCO,Balmy,tokai-producto-1-770x1024
ARAUCO,Balmy,baltic-producto-1-771x1024
ARAUCO,Balmy,BUFALO-683x1024
ARAUCO,Balmy,masisa_cajueiro_72x108-683x1024
ARAUCO,Balmy,Montagem_Masisa_Tirol_72x105-683x1024
ARAUCO,Balmy,Cumaru_inteira_150DPI-667x1024
ARAUCO,Balmy,Montagem_Masisa_Camurca_72x105-683x1024
ARAUCO,Balmy,Masisa_Castanha-Branca-779x1024
ARAUCO,Balmy,Montagem_Masisa_Tabaco_72x105-683x1024
ARAUCO,Balmy,NORUS-1-689x1024
ARAUCO,Balmy,noce-naturale-producto-1-1024x996
ARAUCO,Balmy,Montagem_Masisa_Carvalho_72x105-683x1024
ARAUCO,Balmy,teka-barcelona-producto-1-777x1024
ARAUCO,Balmy,TINTO-683x1024
ARAUCO,Balmy,nordic-producto-1-478x1024
ARAUCO,Balmy,teka-artico-readywall-750x1024
ARAUCO,Balmy,venezia-producto-1-1024x1024
ARAUCO,Balmy,concreto-decor-producto-1-1024x592
GUARARAPES,Magma,bronze_linha_magma_guararapes
GUARARAPES,Magma,vesuvio_linha_magma_guararapes
GUARARAPES,Magma,fog_linha_magma_guararapes
GUARARAPES,Magma,cosmos_linha_magma_guararapes
GUARARAPES,Magma,marmo_linha_magma_guararapes
GUARARAPES,Magma,petra_linha_magma_guararapes
GUARARAPES,Magma,fontana_linha_magma_guararapes
GUARARAPES,Magma,fulge_linha_magma_guararapes
GUARARAPES,Magma,quartzo_linha_magma_guararapes
GUARARAPES,Dual Syncro,nero_dual_syncro_guararapes
GUARARAPES,Dual Syncro,caribe_linha_dual_syncro_guararapes
GUARARAPES,Dual Syncro,siberia_linha_dual_syncro_guararapes
GUARARAPES,Dual Syncro,baviera_linha_dual_syncro_guararapes
GUARARAPES,Dual Syncro,savana_linha_dual_syncro_guararapes
GUARARAPES,Naturale,carvalho_natural_linha_naturale_guararapes
GUARARAPES,Naturale,nogal_champagne_linha_naturale_guararapes
GUARARAPES,Naturale,new_cherry_linha_naturale_guararapes
GUARARAPES,Naturale,antiqua_linha_naturale_guararapes
GUARARAPES,Naturale,bilbao_linha_naturale_guararapes
GUARARAPES,Naturale,teka_bianco_linha_naturale_guararapes
GUARARAPES,Naturale,cipres_linha_naturale_guararapes
GUARARAPES,Naturale,nogal_sevilha_linha_naturale_guararapes
GUARARAPES,Dual Touch,alabama_linha_dual_touch_guararapes
GUARARAPES,Dual Touch,pretoria_linha_dual_touch_guararapes
GUARARAPES,Dual Touch,paris_linha_dual_touch_guararapes
GUARARAPES,Dual Touch,dual_black_linha_dual_touch_guararapes
GUARARAPES,Dual Touch,elmo_dubai_linha_dual_touch_guararapes
GUARARAPES,Dual Touch,lisboa_linha_dual_touch
GUARARAPES,Dual Touch,antuerpia_linha_dual_touch
GUARARAPES,Colors,cinza_urban_linha_colors_guararapes
GUARARAPES,Colors,pixel_linha_colors_guararapes
GUARARAPES,Colors,capuccino_linha_colors_guararapes
GUARARAPES,Colors,niquel_linha_colors_guararapes
GUARARAPES,Colors,terracota_linha_colors_guararapes
GUARARAPES,Colors,alecrim_linha_colors_guararapes
GUARARAPES,Colors,marsala_linha_colors_guararapes
GUARARAPES,Colors,rosa_milkshake_linha_colors_guararapes
GUARARAPES,Colors,azul_petroleo_linha_colors_guararapes
GUARARAPES,Colors,maxi_branco_linha_colors_guararapes
GUARARAPES,Colors,areia_linha_colors_guararapes
GUARARAPES,Colors,tijolo_linha_colors_guararapes
GUARARAPES,Colors,ouro_linha_colors_guararapes
GUARARAPES,Colors,grafite_linha_colors_guararapes
GUARARAPES,Metalic,corten_linha_metalic_guararapes
GUARARAPES,Metalic,onix_linha_metalic_guararapes
GUARARAPES,Metalic,cobre_linha_metalic_guararapes
GUARARAPES,Metalic,berinjela_linha_metalic_guararapes
GUARARAPES,Madeiras do Brasil,imbuia_linha_madeiras_do_brasil_guararapes
GUARARAPES,Madeiras do Brasil,curupixa_linha_madeiras_do_brasil_guararapes
GUARARAPES,Madeiras do Brasil,tauari_Linha_madeiras_do_brasil_guararapes
GUARARAPES,Madeiras do Brasil,ipe_linha_madeiras_do_brasil_guararapes
GUARARAPES,Madeiras do Brasil,pau_ferro_linha_madeiras_do_brasil_guararapes
GUARARAPES,Madeiras do Brasil,freijo_linha_madeira_do_brasil_guararapes
GUARARAPES,Comfort,branco_iceland_linha_comfort_guararapes
GUARARAPES,Comfort,nevada_linha_comfort_guarrarapes
GUARARAPES,Comfort,milano_linha_comfort_guararapes
GUARARAPES,Comfort,papyrus_linha_comfort_guararapes
GUARARAPES,Comfort,canovas_linha_comfort_guararapes
GUARARAPES,Comfort,tela_linha_comfort_guararapes
GUARARAPES,Comfort,preto_silk_linha_comfort_guararapes
GUARARAPES,Comfort,fendi_linha_comfort_guararapes
GUARARAPES,Comfort,santorini_linha_comfort_guararapes
